{"cameraMode":{"drawMode":0,"name":"Shaded","section":"Shading Mode"},"sceneLighting":false,"audioPlay":false,"sceneViewState":{"m_AlwaysRefresh":false,"showFog":true,"showSkybox":false,"showFlares":true,"showImageEffects":true,"showParticleSystems":true,"showVisualEffectGraphs":true,"m_FxEnabled":true},"in2DMode":false,"pivot":{"x":0.22338150441646577,"y":-0.2658063471317291,"z":3.5929155349731447},"rotation":{"x":0.3780258297920227,"y":-0.2592047154903412,"z":0.1111215129494667,"w":0.8817971348762512},"size":0.8745038509368897,"orthographic":false}