{"cameraMode":{"drawMode":0,"name":"Shaded","section":"Shading Mode"},"sceneLighting":true,"audioPlay":false,"sceneViewState":{"m_AlwaysRefresh":false,"showFog":true,"showSkybox":true,"showFlares":true,"showImageEffects":true,"showParticleSystems":true,"showVisualEffectGraphs":true,"m_FxEnabled":true},"in2DMode":false,"pivot":{"x":0.20934928953647614,"y":0.020361457020044328,"z":3.0844812393188478},"rotation":{"x":0.1188814714550972,"y":-0.8489340543746948,"z":0.21586456894874574,"w":0.4675278067588806},"size":3.2785532474517824,"orthographic":false}